{
    "Do we hate SEB": "Yes, we do",
    "Who wrote Romeo and Juliet?": "William Shakespeare wrote Romeo and Juliet.",
    "What is the chemical symbol for gold?": "The chemical symbol for gold is Au.",
    "What is the formula for water?": "The chemical formula for water is H2O.",
    "Define photosynthesis.": "Photosynthesis is the process by which green plants and some other organisms use sunlight to synthesize foods with carbon dioxide and water, generating oxygen as a byproduct.",
    "Who painted the Mona Lisa?": "Leonardo da Vinci painted the Mona Lisa.",
    "What is Newton's First Law of Motion?": "Newton's First Law of Motion states that an object at rest stays at rest and an object in motion stays in motion with the same speed and in the same direction unless acted upon by an unbalanced force.",
    "What is the significance of 1492 in history?": "In 1492, Christopher Columbus completed his first voyage across the Atlantic Ocean, reaching the Americas.",
    "What does DNA stand for?": "DNA stands for Deoxyribonucleic Acid.",
    "Who was the first person to walk on the moon?": "Neil Armstrong was the first person to walk on the moon."
}